FOCAL,INDUCER,TREATMENT,SUBPLOT,FILENAME,PLOT,POSITION,COMBO,RESIDENT.CODE,LEAF.TYPE,LEAF.LENGTH.SQUARES,LEAF.MAX.WIDTH,POSITION.MAX.WIDTH,FORM,MARGINS,LOBES,TOTAL.AREA,AVERAGE.SIZE,PERCENT.AREA,MAJOR,MINOR,ANGLE,CIRCULARITY,SOLODITY,COMMENTS
Cen,Pap,Pap(Cen),1-A,1A_6LL.JPG,1,6,1-A:6,Pap-2,Longest,18.294,1.079,13.258,Oblong,smooth,,12.544,12.544,12.962,17.043,0.937,171.592,0.093,0.637,
Cen,Pap,Pap(Cen),1-A,1A_6ML.JPG,1,6,1-A:6,Pap-2,Medium leaf,17.136,4.514,12.663,Oblong,smooth,,8.52,8.52,15.824,13.856,0.783,173.327,0.107,0.69,Quality of picture is really bad
Bug,Pap,Pap(Bug),1-A,1A_13LL.JPG,1,13,1-A:13,Pap-2,Longest,6.195,1.583,3.729,Elliptic,smooth,,7.923,7.923,19.867,6.435,1.568,165.975,0.374,0.918,
Bug,Pap,Pap(Bug),1-A,1A_13ML.JPG,1,13,1-A:13,Pap-2,Medium leaf,5.982,1.192,3.702,Oblong,smooth,,6.125,6.125,35.723,6.317,1.234,11.518,0.379,0.939,
Cen,Sin,Sin(Cen),1-B,1B_3LL.JPG,1,3,1-B:3,Sin-1,Longest,10.792,1.326,6.43,Oblong,smooth,,9.765,9.765,21.072,10.355,1.201,92.92,0.203,0.84,
Cen,Sin,Sin(Cen),1-B,1B_3ML.JPG,1,3,1-B:3,Sin-1,Medium leaf,8.871,0.728,2.371,ovate,smooth,,5.079,5.079,10.934,7.286,0.888,64.813,0.141,0.61,bad quality pic
Bug,Bug,Bug(Bug),5-A,5A_1LL.JPG,5,1,5-A:1,None-3,Longest,5.268,1.077,3.023,Oblong,smooth,,4.609,4.609,15.34,5.61,1.046,73.659,0.35,0.929,
Bug,Bug,Bug(Bug),5-A,5A_1ML.JPG,5,1,5-A:1,None-3,Medium leaf,4.284,1.049,1.746,Oblong,smooth,,3.686,3.686,14.107,4.274,1.098,0.628,0.331,0.92,
Sin,Pap,Pap(Sin),5-A,5A_5LL.JPG,5,5,5-A:5,None-3,Longest,48.369,22.477,25.821,ovate,"lobed, smooth",5,623.192,623.192,47.775,41.454,19.141,176.244,0.215,0.786,
Sin,Pap,Pap(Sin),5-A,5A_5ML.JPG,5,5,5-A:5,None-3,Medium leaf,25.366,15.354,8.823,ovate,"lobed, smooth",2,250.197,250.197,54.527,23.429,13.597,89.239,0.211,0.846,
Cen,Pap,Pap(Cen),5-A,5A_7LL.JPG,5,7,5-A:7,None-3,Longest,19.761,1.765,14.032,obovate,smooth,,23.599,23.599,20.574,18.275,1.644,3.849,0.137,0.827,
Cen,Pap,Pap(Cen),5-A,5A_7ML.JPG,5,7,5-A:7,None-3,Medium leaf,15.942,1.442,11.44,obovate,smooth,,10.175,10.175,8.111,9.093,1.425,8.987,0.098,0.314,leaf folded - along axis --> area not precise
Pap,Cen,Cen(Pap),5-A,5A_10LL.JPG,5,10,5-A:10,None-3,Longest,7.323,2.249,4.77,obovate,"lobbed, toothed",3,11.399,11.399,21.567,7.401,1.961,95.953,0.253,0.749,
Pap,Cen,Cen(Pap),5-A,5A_10ML.JPG,5,10,5-A:10,None-3,Medium leaf,6.635,2.618,4.307,obovate,toothed,,12.302,12.302,28.519,6.391,2.451,77.478,0.456,0.92,
Pap,Sin,Sin(Pap),5-A,5A_11LL.JPG,5,11,5-A:11,None-3,Longest,6.902,1.925,5.365,obovate,"lobbed, toothed",3,9.918,9.918,20.665,6.408,1.971,80.8,0.234,0.713,
Pap,Sin,Sin(Pap),5-A,5A_11ML.JPG,5,11,5-A:11,None-3,Medium leaf,4.867,2.001,2.714,oval,toothed,,7.178,7.178,18.441,4.798,1.905,78.338,0.506,0.928,
Sil,Sil,Sil(Sil),5-A,5A_13LL.JPG,5,13,5-A:13,None-3,Longest,7.97,3.169,3.564,oval,smooth,,18.428,18.428,26.233,7.46,3.145,91.158,0.406,0.921,
Sil,Sil,Sil(Sil),5-A,5A_13ML.JPG,5,13,5-A:13,None-3,Medium leaf,5.215,2.17,2.681,oval,smooth,,9.47,9.47,22.165,5.088,2.37,172.088,0.573,0.947,
Bug,None,None(Bug),5-A,5A_15LL.JPG,5,15,5-A:15,None-3,Longest,10.153,2.475,5.856,Oblong,smooth,,20.333,20.333,26.69,10.462,2.474,179.155,0.401,0.919,
Bug,None,None(Bug),5-A,5A_15ML.JPG,5,15,5-A:15,None-3,Medium leaf,7.154,1.806,3.374,Oblong,smooth,,11.393,11.393,24.876,7.409,1.958,5.668,0.367,0.93,
Sil,None,None(Sil),5-B,5B_1LL.JPG,5,1,5-B:1,None-3,Longest,4.729,2.358,3.417,obovate,smooth,,7.943,7.943,20.67,4.498,2.248,108.638,0.389,0.93,
Sil,None,None(Sil),5-B,5B_1ML.JPG,5,1,5-B:1,None-3,Medium leaf,4.01,1.549,2.216,obovate,smooth,,5.016,5.016,18.186,3.84,1.663,117.738,0.537,0.924,
Cen,Cen,Cen(Cen),5-B,5B_3LL.JPG,5,3,5-B:3,None-3,Longest,23.548,2.209,15.228,Oblong,smooth,,33.413,33.413,9.743,10.514,4.046,56.269,0.125,0.31,leaf partially folded
Cen,Cen,Cen(Cen),5-B,5B_3ML.JPG,5,3,5-B:3,None-3,Medium leaf,23.577,0.812,12.42,oblong,smooth,,18.813,18.813,7.304,18.522,1.293,167.659,0.085,0.472,
Bug,Pap,Pap(Bug),5-B,5B_8LL.JPG,5,8,5-B:8,None-3,Longest,8.802,1.776,6.278,Oblong,smooth,,13.383,13.383,19.22,9.264,1.839,83.544,0.371,0.967,
Bug,Pap,Pap(Bug),5-B,5B_8ML.JPG,5,8,5-B:8,None-3,Medium leaf,7.757,1.75,3.401,oblong,smooth,,11.068,11.068,19.31,8.033,1.754,128.905,0.331,0.962,
Sin,Bug,Bug(Sin),5-B,5B_9LL.JPG,5,9,5-B:9,None-3,Longest,15.478,8.212,5.906,ovate,smooth,,100.712,100.712,56.281,15.509,8.268,73.547,0.574,0.953,
Sin,Bug,Bug(Sin),5-B,5B_9ML.JPG,5,9,5-B:9,None-3,Medium leaf,12.15,7.331,2.819,ovate,toothed,,60.405,60.405,41.764,11.776,6.531,88.063,0.531,0.938,
Cen,Sin,Sin(Cen),5-B,5B_10LL.JPG,5,10,5-B:10,None-3,Longest,16.748,2.48,11.711,obovate,smooth,,25.376,25.376,7.018,14.772,2.187,98.928,0.237,0.859,
Cen,Sin,Sin(Cen),5-B,5B_10ML.JPG,5,10,5-B:10,None-3,Medium leaf,14.915,0.723,9.978,Oblong,smooth,,9.551,9.551,5.686,14.24,0.854,82.451,0.078,0.685,leaf partially folded
Sin,None,None(Sin),5-B,5B_13LL.JPG,5,13,5-B:13,None-3,Longest,30.27,16.431,11.975,oval,toothed lobed,3,353.335,353.335,38.028,28.865,15.585,13.596,0.398,0.887,
Sin,None,None(Sin),5-B,5B_13ML.JPG,5,13,5-B:13,None-3,Medium leaf,18.561,9.755,6.528,obvate,toothed,,119.702,119.702,39.579,18.12,8.411,127.82,0.449,0.9,not whole leaf measured
Sin,Cen,Cen(Sin),5-B,5B_15LL.JPG,5,15,5-B:15,None-3,Longest,21.369,9.014,11.514,Oblong,toothed,3,134.55,134.55,42.194,19.868,8.622,0.246,0.307,0.89,
Sin,Cen,Cen(Sin),5-B,5B_15ML.JPG,5,15,5-B:15,None-3,Medium leaf,17.608,5.951,6.262,ovate,toothed,2,69.554,69.554,44.677,16.712,5.299,175.319,0.314,0.849,
Cen,Bug,Bug(Cen),6-A,6A_11LL.JPG,6,11,6-A:11,Bug-2,Longest,19.075,3.705,13.322,obovate,smooth,,44.529,44.529,17.966,17.625,3.217,81.467,0.309,0.851,
Cen,Bug,Bug(Cen),6-A,6A_11ML.JPG,6,11,6-A:11,Bug-2,Medium leaf,16.633,0.774,10.641,obovate,smooth,,10.78,10.78,6.907,13.242,1.037,84.729,0.106,0.542,partially folded
Pap,None,None(Pap),6-A,6A_13LL.JPG,6,13,6-A:13,Bug-2,Longest,7.625,1.629,5.01,Oblong,smooth,,10.654,10.654,14.094,8.106,1.674,12.975,0.344,0.916,
Pap,None,None(Pap),6-A,6A_13ML.JPG,6,13,6-A:13,Bug-2,Medium leaf,6.807,1.406,2.879,Oblong,smooth,,7.973,7.973,11.57,6.436,1.577,35.07,0.308,0.807,
Cen,Sil,Sil(Cen),6-B,6B_5LL.JPG,6,5,6-B:5,Sil-2,Longest,6.551,1.35,3.765,obovate,smooth,,6.247,6.247,8.242,5.928,1.342,170.455,0.317,0.883,no 6B_5ML found
Pap,Sil,Sil(Pap),6-B,6B_6LL.JPG,6,6,6-B:6,Sil-2,Longest,9.487,4.4,5.438,obovate,toothed,7,18.65,18.65,15.932,8.151,2.913,159.594,0.132,0.681,no 6B_6ML found
Sin,Sil,Sil(Sin),6-B,6B_8LL.JPG,6,8,6-B:8,Sil-2,Longest,31.631,13.584,16.132,Elliptic,smooth,3,312.345,156.172,41.086,17.775,7.152,53.17,0.333,0.838,herbyvory
Sin,Sil,Sil(Sin),6-B,6B_8ML.JPG,6,8,6-B:8,Sil-2,Medium leaf,11.012,6.122,3.169,ovate,toothed,,48.298,48.298,37.376,10.522,5.844,6.841,0.23,0.927,
Bug,None,None(Bug),6-B,6B_10LL.JPG,6,10,6-B:10,Sil-2,Longest,11.765,2.604,7.591,Oblong,smooth,,25.075,25.075,18.133,12.195,2.618,0.155,0.34,0.973,
Bug,None,None(Bug),6-B,6B_10ML.JPG,6,10,6-B:10,Sil-2,Medium leaf,8.877,2.3,2.171,ovate,smooth,,15.665,15.665,15,9.05,2.204,18.878,0.378,0.965,
Sil,Sil,Sil(Sil),6-B,6B_11LL.JPG,6,11,6-B:11,Sil-2,Longest,10.394,4.748,5.241,Elliptic,smooth,,31.496,31.496,25.966,9.314,4.306,95.436,0.421,0.896,
Sil,Sil,Sil(Sil),6-B,6B_11ML.JPG,6,11,6-B:11,Sil-2,Medium leaf,7.904,3.66,3.511,Elliptic,smooth,,20.166,20.166,16.762,7.263,3.535,64.731,0.586,0.966,
Sil,Cen,Cen(Sil),7-A,7A_1LL.JPG,7,1,7-A:1,Cen-3,Longest,4.767,2.359,1.987,obovate,smooth,,9.448,9.448,23.48,5.006,2.403,24.451,0.593,0.964,"not whole leaf on board and bad quality picture, no ML found"
Bug,Cen,Cen(Bug),7-A,7A_10LL.JPG,7,10,7-A:10,Cen-3,Longest,5.461,1.873,3.377,obovate,smooth,,7.908,7.908,23.282,5.629,1.789,88.497,0.45,0.935,
Cen,Bug,Bug(Cen),7-B,7B_14LL.JPG,7,14,7-B:14,Bug-3,Longest,21.356,1.972,14.238,obovate,smooth,,30.053,30.053,9.918,15.646,2.446,70.561,0.15,0.527,
Cen,Bug,Bug(Cen),7-B,7B_14ML.JPG,7,14,7-B:14,Bug-3,Medium leaf,15.04,0.452,8.292,Oblong,smooth,,7.344,7.344,6.726,9.986,0.936,165.796,0.091,0.412,leaf folded
Sin,Cen,Cen(Sin),9-A,9A_7LL.JPG,9,7,9-A:7,Cen-2,Longest,12.547,7.947,5.083,Elliptic,toothed,,77.064,77.064,40.568,12.774,7.681,91.391,0.639,0.942,
Sin,Cen,Cen(Sin),9-A,9A_7ML.JPG,9,7,9-A:7,Cen-2,Medium leaf,10.338,4.752,4.662,Elliptic,toothed,,36.165,36.165,35.333,10.029,4.591,166.457,0.514,0.936,
Bug,Cen,Cen(Bug),10-A,10A_2LL.JPG,10,2,10-A:2,None-2,Longest,3.702,0.976,2.765,Oblong,smooth,,2.961,2.961,12.753,3.86,0.977,126.427,0.29,0.921,
Bug,Cen,Cen(Bug),10-A,10A_2ML.JPG,10,2,10-A:2,None-2,Medium leaf,2.943,0.931,1.849,oblong,smooth,,2.348,2.348,8.687,3.16,0.946,68.413,0.22,0.893,
Cen,None,None(Cen),10-A,10A_4LL.JPG,10,4,10-A:4,None-2,Longest,17.044,2.533,10.642,obovate,smooth,,28.821,28.821,22.746,15.506,2.367,5.758,0.223,0.856,
Cen,None,None(Cen),10-A,10A_4ML.JPG,10,4,10-A:4,None-2,Medium leaf,13.599,0.43,8.069,oblong,smooth,,11.099,11.099,10.336,12.486,1.132,26.774,0.142,0.682,
Sin,Sil,Sil(Sin),10-A,10A_5LL.JPG,10,5,10-A:5,None-2,Longest,16.933,8.278,7.484,ovate,crenate,,97.473,97.473,41.294,15.991,7.761,11.01,0.388,0.869,"herbivory, leaf partially covered by thumb"
Sin,Sil,Sil(Sin),10-A,10A_5ML.JPG,10,5,10-A:5,None-2,Medium leaf,11.483,6.486,6.812,obovate,crenate,3,53.299,53.299,46.608,10.884,6.235,171.602,0.351,0.887,
Pap,Sin,Sin(Pap),10-A,10A_6LL.JPG,10,6,10-A:6,None-2,Longest,13.612,5.101,8.644,Elliptic,toothed,9,30.464,30.464,16.424,11.173,3.472,92.705,0.058,0.562,
Pap,Sin,Sin(Pap),10-A,10A_6ML.JPG,10,6,10-A:6,None-2,Medium leaf,13.437,3.859,8.713,obovate,toothed,6,40.114,40.114,18.941,11.6,4.403,77.499,0.132,0.691,
Sin,None,None(Sin),10-A,10A_7LL.JPG,10,7,10-A:7,None-2,Longest,32.839,18.327,14.721,Elliptic,toothed,,392.485,392.485,54.599,29.679,16.838,1.652,0.224,0.883,
Sin,None,None(Sin),10-A,10A_7ML.JPG,10,7,10-A:7,None-2,Medium leaf,19.211,10.042,3.908,ovate,toothed,,132.334,132.334,40.336,18.007,9.357,97.178,0.377,0.879,
Bug,Sin,Sin(Bug),10-A,10A_8LL.JPG,10,8,10-A:8,None-2,Longest,7.837,1.914,5.367,obovate,smooth,,10.657,10.657,15,7.39,1.836,61.655,0.387,0.948,
Bug,Sin,Sin(Bug),10-A,10A_8ML.JPG,10,8,10-A:8,None-2,Medium leaf,5.59,1.563,3.523,oblong,smooth,,6.953,6.953,17.594,5.656,1.565,46.494,0.457,0.958,
Sin,Pap,Pap(Sin),10-A,10A_9LL.JPG,10,9,10-A:9,None-2,Longest,20.405,10.969,9.688,Elliptic,crenate,,159.548,159.548,47.888,19.494,10.421,10.853,0.407,0.91,
Sin,Pap,Pap(Sin),10-A,10A_9ML.JPG,10,9,10-A:9,None-2,Medium leaf,13.665,11.185,4.414,ovate,crenate,,123.246,123.246,51.861,14.919,10.519,175.903,0.522,0.925,
Bug,None,None(Bug),10-A,10A_10LL.JPG,10,10,10-A:10,None-2,Longest,10.713,2.584,3.561,oblong,smooth,,22.732,22.732,24.017,11.306,2.56,130.806,0.36,0.968,
Bug,None,None(Bug),10-A,10A_10ML.JPG,10,10,10-A:10,None-2,Medium leaf,8.123,1.544,4.476,oblong,smooth,,12.429,12.429,18.42,8.156,1.94,93.224,0.254,0.833,
Pap,None,None(Pap),10-A,10A_11LL.JPG,10,11,10-A:11,None-2,Longest,16.415,7.577,6.074,ovate,toothed,5,73.309,73.309,34.877,15.258,6.118,7.968,0.241,0.775,
Pap,None,None(Pap),10-A,10A_11ML.JPG,10,11,10-A:11,None-2,Medium leaf,9.33,2.372,4.848,Elliptic,toothed,7,18.909,18.909,19.117,8.275,2.909,42.261,0.104,0.758,
Pap,Pap,Pap(Pap),10-A,10A_12LL.JPG,10,12,10-A:12,None-2,Longest,13.723,4.585,4.507,ovate,toothed,7,30.935,30.935,20.205,12.521,3.146,103.451,0.123,0.618,
Pap,Pap,Pap(Pap),10-A,10A_12ML.JPG,10,12,10-A:12,None-2,Medium leaf,10.294,2.694,7.124,obovate,toothed,,18.635,18.635,16.184,9.883,2.401,9.889,0.204,0.759,leaf partially folded
Sil,Cen,Cen(Sil),10-A,10A_13LL.JPG,10,13,10-A:13,None-2,Longest,6.545,2.76,3.249,Elliptic,smooth,,12.055,12.055,22.124,5.707,2.69,10.762,0.492,0.939,
Sil,Cen,Cen(Sil),10-A,10A_13ML.JPG,10,13,10-A:13,None-2,Medium leaf,5.334,2.362,2.465,Elliptic,smooth,,10.474,10.474,17.234,5.112,2.609,134.681,0.548,0.957,
Pap,Cen,Cen(Pap),10-A,10A_14LL.JPG,10,14,10-A:14,None-2,Longest,9.171,3.262,4.969,Elliptic,toothed,,20.251,20.251,24.326,8.624,2.99,97.222,0.267,0.858,
Pap,Cen,Cen(Pap),10-A,10A_14ML.JPG,10,14,10-A:14,None-2,Medium leaf,6.719,2.776,4.483,Oblong,toothed,,13.782,13.782,17.333,6.436,2.726,73.359,0.222,0.824,
Sin,Sin,Sin(Sin),10-A,10A_15LL.JPG,10,15,10-A:15,None-2,Longest,21.817,9.947,10.49,Elliptic,crenate,2,151.03,151.03,33.808,21.434,8.971,167.805,0.289,0.784,
Sin,Sin,Sin(Sin),10-A,10A_15ML.JPG,10,15,10-A:15,None-2,Medium leaf,17.144,9.399,3.401,ovate,toothed,,111.324,111.324,40.051,16.105,8.801,122.225,0.517,0.912,
Bug,None,None(Bug),10-B,10B_1LL.JPG,10,1,10-B:1,None-2,Longest,8.68,2.394,4.584,oblong,smooth,,17.632,17.632,26.097,9.174,2.447,93.366,0.456,0.98,
Bug,None,None(Bug),10-B,10B_1ML.JPG,10,1,10-B:1,None-2,Medium leaf,9.487,2.615,2.247,ovate,smooth,,19.552,19.552,27.33,9.646,2.581,113.035,0.451,0.973,
Sin,Cen,Cen(Sin),10-B,10B_2LL.JPG,10,2,10-B:2,None-2,Longest,24.534,12.559,10.882,ovate,crenate,,221.594,221.594,50.277,23.62,11.945,76.97,0.497,0.934,
Sin,Cen,Cen(Sin),10-B,10B_2ML.JPG,10,2,10-B:2,None-2,Medium leaf,19.544,10.766,5.466,ovate,crenate,,151.438,151.438,48.39,18.332,10.518,82.954,0.355,0.939,
Cen,Sin,Sin(Cen),10-B,10B_3LL.JPG,10,3,10-B:3,None-2,Longest,11.144,1.344,5.314,Elliptic,smooth,,10.974,10.974,8.486,10.183,1.372,119.818,0.231,0.827,
Cen,Sin,Sin(Cen),10-B,10B_3ML.JPG,10,3,10-B:3,None-2,Medium leaf,11.226,0.453,5.549,Oblong,smooth,,6.535,6.535,6.63,10.783,0.772,101.349,0.142,0.883,
Sil,None,None(Sil),10-B,10B_4LL.JPG,10,4,10-B:4,None-2,Longest,8.511,4.03,4.338,Elliptic,smooth,,19.671,19.671,31.612,6.992,3.582,16.575,0.573,0.953,
Sil,None,None(Sil),10-B,10B_4ML.JPG,10,4,10-B:4,None-2,Medium leaf,7.818,3.071,3.902,Elliptic,smooth,,15.661,15.661,24.627,6.81,2.928,151.7,0.402,0.932,
Sil,Bug,Bug(Sil),10-B,10B_7LL.JPG,10,7,10-B:7,None-2,Longest,4.73,2.404,2.469,Elliptic,smooth,,7.901,7.901,21.503,4.368,2.303,75.064,0.406,0.945,
Sil,Bug,Bug(Sil),10-B,10B_7ML.JPG,10,7,10-B:7,None-2,Medium leaf,3.916,1.893,1.762,Elliptic,smooth,,5.457,5.457,11.06,3.646,1.906,95.88,0.517,0.96,
Pap,Pap,Pap(Pap),10-B,10B_8LL.JPG,10,8,10-B:8,None-2,Longest,24.276,7.241,12.937,Elliptic,toothed,5,82.906,82.906,28.701,21.049,5.015,8.758,0.176,0.685,
Pap,Pap,Pap(Pap),10-B,10B_8ML.JPG,10,8,10-B:8,None-2,Medium leaf,15.692,7.989,7.197,ovate,toothed,6,52.123,52.123,21.766,12.542,5.292,10.871,0.075,0.544,
Pap,Bug,Bug(Pap),10-B,10B_11LL.JPG,10,11,10-B:11,None-2,Longest,9.645,3.79,4.617,Elliptic,toothed,5,17.929,17.929,11.747,8.316,2.745,167.62,0.242,0.695,
Pap,Bug,Bug(Pap),10-B,10B_11ML.JPG,10,11,10-B:11,None-2,Medium leaf,6.836,3.043,3.82,Elliptic,toothed,5,9.803,9.803,12.507,5.851,2.133,21.862,0.258,0.72,
Sin,Bug,Bug(Sin),10-B,10B_13LL.JPG,10,13,10-B:13,None-2,Longest,23.744,9.873,11.595,Elliptic,crenate,,,,,,,,,,
Sin,Bug,Bug(Sin),10-B,10B_13ML.JPG,10,13,10-B:13,None-2,Medium leaf,13.628,7.853,4.317,ovate,"crenate,toothed",3,62.625,62.625,39.991,12.354,6.454,0.504,0.271,0.837,
Sil,Sin,Sin(Sil),10-B,10B_14LL.JPG,10,14,10-B:14,None-2,Longest,4.905,2.374,2.935,Elliptic,smooth,,7.467,7.467,21.502,4.189,2.27,6.32,0.613,0.941,
Sil,Sin,Sin(Sil),10-B,10B_14ML.JPG,10,14,10-B:14,None-2,Medium leaf,3.046,1.739,1.418,Elliptic,smooth,,4.122,4.122,16.54,3.08,1.704,95.934,0.536,0.967,
Cen,Bug,Bug(Cen),11-A,11A_9LL.JPG,11,9,11-A:9,Bug-5,Longest,3.847,0.548,2.581,obovate,smooth,,1.716,1.716,5.355,4.071,0.537,57.666,0.2,0.842,
Cen,Sil,Sil(Cen),12-A,12A_2LL.JPG,12,2,12-A:2,Sil-1,Longest,5.398,1.142,3.12,obovate,smooth,,5.433,5.433,14.399,5.416,1.277,7.141,0.258,0.906,
Bug,Sil,Sil(Bug),12-A,12A_4LL.JPG,12,4,12-A:4,Sil-1,Longest,5.647,1.35,2.254,oblong,smooth,,6.332,6.332,23.939,5.737,1.405,103.685,0.355,0.963,
Bug,Sil,Sil(Bug),12-A,12A_4ML.JPG,12,4,12-A:4,Sil-1,Medium leaf,4.191,1.107,1.197,oblong,smooth,,4.09,4.09,18.477,4.257,1.223,93.604,0.405,0.936,not whole leaf photographed
Pap,Sil,Sil(Pap),12-A,12A_14LL.JPG,12,14,12-A:14,Sil-1,Longest,5.34,2.229,2.033,ovate,toothed,,8.814,8.814,14.974,5.443,2.062,79.897,0.36,0.894,
Sil,Sil,Sil(Sil),14-A,14A_1LL.JPG,14,1,14-A:1,None-4,Longest,6.445,2.449,3.467,Elliptic,smooth,,10.538,10.538,27.819,5.623,2.386,159.817,0.327,0.92,
Sil,Sil,Sil(Sil),14-A,14A_1ML.JPG,14,1,14-A:1,None-4,Medium leaf,8.132,3.512,3.245,Elliptic,smooth,,20.64,20.64,30.628,7.949,3.306,125.047,0.491,0.941,
Sil,Cen,Cen(Sil),14-A,14A_2LL.JPG,14,2,14-A:2,None-4,Longest,2.839,1.558,1.382,ovate,smooth,,2.849,2.849,20.121,2.346,1.546,108.654,0.65,0.934,bad quality picture
Sil,Cen,Cen(Sil),14-A,14A_2ML.JPG,14,2,14-A:2,None-4,Medium leaf,2.515,1.169,1.257,Elliptic,smooth,,2.135,2.135,16.064,2.307,1.178,161.879,0.674,0.963,
Cen,Sil,Sil(Cen),14-A,14A_3LL.JPG,14,3,14-A:3,None-4,Longest,17.728,2.756,11.692,obovate,smooth,,30.294,30.294,27.436,15.679,2.46,7.289,0.188,0.858,
Cen,Sil,Sil(Cen),14-A,14A_3ML.JPG,14,3,14-A:3,None-4,Medium leaf,13.561,1.876,8.277,Oblong,smooth,3,20.97,20.97,15.1,10.752,2.483,90.926,0.154,0.418,
Sil,None,None(Sil),14-A,14A_4LL.JPG,14,4,14-A:4,None-4,Longest,7.748,3.125,4.387,obovate,smooth,,20.324,20.324,45.175,7.06,3.665,99.438,0.553,0.971,
Sil,None,None(Sil),14-A,14A_4ML.JPG,14,4,14-A:4,None-4,Medium leaf,6.353,3.164,3.421,Elliptic,smooth,,15.509,15.509,39.123,6.142,3.215,21.49,0.511,0.979,
Bug,Pap,Pap(Bug),14-A,14A_5LL.JPG,14,5,14-A:5,None-4,Longest,5.425,1.291,4.033,oblong,smooth,,5.935,5.935,15.5,5.503,1.373,114.423,0.4,0.935,
Bug,Pap,Pap(Bug),14-A,14A_5ML.JPG,14,5,14-A:5,None-4,Medium leaf,4.912,1.079,2.419,oblong,smooth,,4.968,4.968,14.849,5.303,1.193,148.643,0.422,0.952,
Pap,Cen,Cen(Pap),14-A,14A_7LL.JPG,14,7,14-A:7,None-4,Longest,11.673,3.61,7.402,obovate,toothed,7,13.995,13.995,17.537,8.87,2.009,176.363,0.089,0.505,
Pap,Cen,Cen(Pap),14-A,14A_7ML.JPG,14,7,14-A:7,None-4,Medium leaf,13.384,5.044,6.283,ovate,toothed,4,20.597,10.298,14.002,4.986,2.033,129.914,0.207,0.64,
Sin,None,None(Sin),14-A,14A_11LL.JPG,14,11,14-A:11,None-4,Longest,13.036,9.193,3.69,ovate,crenate,2,75.201,75.201,48.864,11.99,7.986,84.849,0.326,0.871,
Sin,None,None(Sin),14-A,14A_11ML.JPG,14,11,14-A:11,None-4,Medium leaf,7.354,5.949,1.544,ovate,toothed,,31.411,31.411,58.964,7.754,5.157,3.73,0.451,0.884,
Bug,None,None(Bug),14-A,14A_12LL.JPG,14,12,14-A:12,None-4,Longest,4.207,1.089,1.962,Oblong,smooth,,4.252,4.252,25.162,4.369,1.239,75.841,0.436,0.952,
Bug,None,None(Bug),14-A,14A_12ML.JPG,14,12,14-A:12,None-4,Medium leaf,5.557,1.253,3.641,Oblong,smooth,,6,6,24.403,5.858,1.304,79.329,0.375,0.945,
Sin,Sil,Sil(Sin),14-A,14A_13LL.JPG,14,13,14-A:13,None-4,Longest,12.611,7.739,3.742,ovate,crenate,,66.468,66.468,46.605,12.152,6.964,86.602,0.464,0.888,
Sin,Sil,Sil(Sin),14-A,14A_13ML.JPG,14,13,14-A:13,None-4,Medium leaf,9.58,4.745,0.983,ovate,toothed,,35.766,35.766,54.809,9.475,4.806,86.452,0.473,0.936,
Pap,None,None(Pap),14-A,14A_14LL.JPG,14,14,14-A:14,None-4,Longest,13.313,2.772,5.573,oblong,toothed,3,26.739,26.739,27.056,13.287,2.562,76.466,0.159,0.795,
Pap,None,None(Pap),14-A,14A_14ML.JPG,14,14,14-A:14,None-4,Medium leaf,9.003,1.298,3.984,oblong,smooth,3,11.797,11.797,19.025,7.117,2.111,84.765,0.125,0.472,
Pap,Sil,Sil(Pap),14-A,14A_15LL.JPG,14,15,14-A:15,None-4,Longest,5.786,1.311,4.68,obovate,toothed,4,5.174,5.174,21.58,5.651,1.166,86.781,0.235,0.778,
Pap,Sil,Sil(Pap),14-A,14A_15ML.JPG,14,15,14-A:15,None-4,Medium leaf,4.501,1.329,3.333,obovate,toothed,7,4.151,4.151,20.241,4.321,1.223,42.823,0.187,0.649,
Cen,None,None(Cen),14-B,14B_2LL.JPG,14,2,14-B:2,None-4,Longest,11.249,2.276,8.586,obovate,toothed,,13.23,13.23,22.935,9.014,1.869,4.773,0.241,0.807,
Cen,None,None(Cen),14-B,14B_2ML.JPG,14,2,14-B:2,None-4,Medium leaf,9.889,1.007,7.437,obovate,smooth,3,7.311,7.311,11.011,6.047,1.539,179.46,0.074,0.258,
Sin,Bug,Bug(Sin),14-B,14B_3LL.JPG,14,3,14-B:3,None-4,Longest,11.947,6.11,5.776,Elliptic,toothed,3,50.857,50.857,44.163,11.372,5.694,177.052,0.387,0.878,
Sin,Bug,Bug(Sin),14-B,14B_3ML.JPG,14,3,14-B:3,None-4,Medium leaf,9.392,4.77,3.685,Elliptic,toothed,,32.576,32.576,53.712,9.299,4.46,179.337,0.473,0.875,
Cen,Cen,Cen(Cen),14-B,14B_5LL.JPG,14,5,14-B:5,None-4,Longest,12.132,1.263,8.336,obovate,smooth,,9.28,9.28,13.131,11.642,1.015,107.822,0.163,0.86,
Cen,Cen,Cen(Cen),14-B,14B_5ML.JPG,14,5,14-B:5,None-4,Medium leaf,14.003,0.533,6.862,oblong,smooth,,8.285,8.285,15.565,14.919,0.707,177.721,0.113,0.782,leaf partially folded
Pap,Bug,Bug(Pap),14-B,14B_6LL.JPG,14,6,14-B:6,None-4,Longest,7.858,2.172,5.364,obovate,toothed,,11.458,11.458,16.562,7.336,1.989,21.093,0.382,0.902,
Pap,Bug,Bug(Pap),14-B,14B_6ML.JPG,14,6,14-B:6,None-4,Medium leaf,7.145,2.338,5,obovate,toothed,,11.693,11.693,14.998,6.801,2.189,116.255,0.348,0.864,
Sin,Sin,Sin(Sin),14-B,14B_7LL.JPG,14,7,14-B:7,None-4,Longest,10.617,5.227,6.655,elliptic,toothed,,40.078,40.078,47.799,10.346,4.932,12.438,0.474,0.916,
Sin,Sin,Sin(Sin),14-B,14B_7ML.JPG,14,7,14-B:7,None-4,Medium leaf,8.737,4.659,3.05,ovate,toothed,,26.826,26.826,51.909,8.335,4.098,12.481,0.446,0.886,
Sil,None,None(Sil),14-B,14B_8LL.JPG,14,8,14-B:8,None-4,Longest,7.381,3.386,3.442,Elliptic,smooth,,16.98,16.98,25.48,6.661,3.246,2.107,0.542,0.936,
Sil,None,None(Sil),14-B,14B_8ML.JPG,14,8,14-B:8,None-4,Medium leaf,10.735,5.113,5.254,Elliptic,smooth,,37.162,37.162,33.918,9.614,4.921,113.705,0.51,0.95,
Pap,Sin,Sin(Pap),14-B,14B_9LL.JPG,14,9,14-B:9,None-4,Longest,12.278,3.506,9.259,obovate,toothed,4,29.322,29.322,19.477,11.662,3.201,137.491,0.237,0.72,
Pap,Sin,Sin(Pap),14-B,14B_9ML.JPG,14,9,14-B:9,None-4,Medium leaf,12.085,4.546,8.265,obovate,toothed,6,30.562,30.562,27.904,10.833,3.592,126.708,0.122,0.69,
Bug,Cen,Cen(Bug),14-B,14B_11LL.JPG,14,11,14-B:11,None-4,Longest,8.465,2.111,4.514,Oblong,smooth,,13.131,6.566,11.083,4.412,1.768,41.202,0.331,0.836,
Bug,Cen,Cen(Bug),14-B,14B_11ML.JPG,14,11,14-B:11,None-4,Medium leaf,7.095,2.265,4.115,obovate,smooth,,12.6,12.6,11.6,6.95,2.308,175.476,0.374,0.939,herbivory
Pap,Pap,Pap(Pap),14-B,14B_13LL.JPG,14,13,14-B:13,None-4,Longest,14.485,4.65,10.189,obovate,toothed,5,34.134,34.134,16.73,12.63,3.441,12.519,0.17,0.638,
Pap,Pap,Pap(Pap),14-B,14B_13ML.JPG,14,13,14-B:13,None-4,Medium leaf,9.944,2.198,7.612,obovate,toothed,7,17.669,17.669,25.589,8.882,2.533,178.777,0.12,0.685,
Cen,Pap,Pap(Cen),14-B,14B_14LL.JPG,14,14,14-B:14,None-4,Longest,21.636,2.06,12.228,Elliptic,smooth,,32.384,32.384,18.33,20.4,2.021,173.977,0.19,0.916,
Cen,Pap,Pap(Cen),14-B,14B_14ML.JPG,14,14,14-B:14,None-4,Medium leaf,23.149,1.698,10.756,oblong,smooth,,33.711,33.711,29.349,23.373,1.836,1.491,0.162,0.943,
Bug,Bug,Bug(Bug),14-B,14B_15LL.JPG,14,15,14-B:15,None-4,Longest,7.427,1.308,3.396,oblong,smooth,,9.418,9.418,9.141,7.332,1.636,73.109,0.321,0.908,
Sin,Bug,Bug(Sin),15-A,15A_7LL.JPG,15,7,15-A:7,Bug-1,Longest,9.07,4.577,5.754,obovate,crenate,,32.683,32.683,42.584,8.923,4.663,77.347,0.518,0.929,
Sin,Bug,Bug(Sin),15-A,15A_7ML.JPG,15,7,15-A:7,Bug-1,Medium leaf,8.79,4.132,3.379,ovate,toothed,,27.109,27.109,36.966,8.383,4.117,115.5,0.386,0.894,
Pap,Bug,Bug(Pap),15-A,15A_10LL.JPG,15,10,15-A:10,Bug-1,Longest,3.279,1.175,2.356,obovate,toothed,,2.476,2.476,10.749,2.831,1.114,167.846,0.37,0.896,
Sil,Sil,Sil(Sil),15-A,15A_12LL.JPG,15,12,15-A:12,Bug-1,Longest,6.089,2.669,2.545,ovate,smooth,,12.154,12.154,20.629,5.676,2.726,72.965,0.62,0.961,
Sil,Sil,Sil(Sil),15-A,15A_12ML.JPG,15,12,15-A:12,Bug-1,Medium leaf,5.039,2.183,2.736,Elliptic,smooth,,8.875,8.875,20.36,4.874,2.319,53.76,0.62,0.975,
Cen,Cen,Cen(Cen),15-A,15A_13LL.JPG,15,13,15-A:13,Bug-1,Longest,10.656,1.085,5.339,Elliptic,smooth,,9.694,9.694,8.367,10.032,1.23,10.062,0.232,0.944,
Cen,Cen,Cen(Cen),15-A,15A_13ML.JPG,15,13,15-A:13,Bug-1,Medium leaf,10.696,0.558,4.235,Elliptic,smooth,,4.805,4.805,2.173,9.014,0.679,19.682,0.11,0.762,leaf partially folded
Sil,Bug,Bug(Sil),15-A,15A_15LL.JPG,15,15,15-A:15,Bug-1,Longest,3.807,1.429,2.01,Elliptic,smooth,,3.549,3.549,14.747,3.368,1.341,26.619,0.399,0.921,
Sil,Bug,Bug(Sil),15-A,15A_15ML.JPG,15,15,15-A:15,Bug-1,Medium leaf,4.801,1.576,2.228,Elliptic,smooth,,5.431,5.431,9.743,4.181,1.654,12.185,0.193,0.92,picture askew
Cen,Cen,Cen(Cen),15-B,15B_3LL.JPG,15,3,15-B:3,Pap-1,Longest,8.264,0.674,5.765,obovate,smooth,,3.529,3.529,5.836,7.565,0.594,103.81,0.139,0.723,leaf partially folded
Cen,Cen,Cen(Cen),15-B,15B_3ML.JPG,15,3,15-B:3,Pap-1,Medium leaf,10.865,0.799,4.452,oblong,smooth,,7.904,7.904,8.902,11.763,0.855,86.895,0.16,0.935,
Bug,Pap,Pap(Bug),15-B,15B_6LL.JPG,15,6,15-B:6,Pap-1,Longest,2.754,0.716,1.589,obovate,smooth,,1.606,1.606,5.661,2.695,0.759,85.128,0.485,0.947,picture askew
Bug,Pap,Pap(Bug),15-B,15B_6ML.JPG,15,6,15-B:6,Pap-1,Medium leaf,3.015,0.458,1.264,oblong,smooth,,1.221,1.221,5.585,2.83,0.549,111.895,0.304,0.791,
Sil,Sil,Sil(Sil),15-B,15B_10LL.JPG,15,10,15-B:10,Pap-1,Longest,4.727,2.198,2.327,Elliptic,smooth,,7.125,7.125,26.455,4.201,2.16,145.184,0.571,0.955,
Sil,Sil,Sil(Sil),15-B,15B_10ML.JPG,15,10,15-B:10,Pap-1,Medium leaf,5.011,2.482,2.452,Elliptic,smooth,,8.941,8.941,28.166,4.668,2.439,58.397,0.694,0.984,
Sil,None,None(Sil),15-B,15B_11LL.JPG,15,11,15-B:11,Pap-1,Longest,4.241,1.855,1.954,Elliptic,smooth,,5.733,5.733,21.067,3.958,1.844,96.142,0.626,0.964,herbivory
Sil,None,None(Sil),15-B,15B_11ML.JPG,15,11,15-B:11,Pap-1,Medium leaf,5.094,1.656,2.919,elliptic,smooth,,5.036,5.036,13.039,4.682,1.369,104.979,0.37,0.916,leaf partially folded
Cen,Pap,Pap(Cen),15-B,15B_13LL.JPG,15,13,15-B:13,Pap-1,Longest,3.153,0.768,1.709,oblong,smooth,,1.988,1.988,11.346,2.982,0.849,37.901,0.451,0.934,
Cen,Pap,Pap(Cen),16-A,16A_15LL.JPG,16,15,16-A:15,Pap-3,Longest,6.171,0.929,4.562,Oblong,smooth,,4.936,4.936,9.141,6.54,0.961,107.058,0.262,0.897,
Cen,Bug,Bug(Cen),19-A,19A_2LL.JPG,19,2,19-A:2,Bug-7,Longest,12.042,1.484,6.506,Oblong,smooth,,13.357,13.357,13.166,10.749,1.582,1.598,0.235,0.788,
Cen,Bug,Bug(Cen),19-A,19A_2ML.JPG,19,2,19-A:2,Bug-7,Medium leaf,9.153,0.605,5.335,Oblong,smooth,,4.109,4.109,5.611,8.278,0.632,96.509,0.119,0.659,
Cen,Cen,Cen(Cen),20-A,20A_1LL.JPG,20,1,20-A:1,None-5,Longest,14.938,1.318,8.192,Oblong,smooth,,12.377,12.377,6.869,13.411,1.175,174.052,0.148,0.626,
Cen,Cen,Cen(Cen),20-A,20A_1ML.JPG,20,1,20-A:1,None-5,Medium leaf,15.059,1.135,8.155,Oblong,smooth,,13.142,13.142,11.31,14.974,1.118,6.686,0.12,0.749,leaf partially folded
Sin,Sil,Sil(Sin),20-A,20A_3LL.JPG,20,3,20-A:3,None-5,Longest,18.587,10.794,8.253,Elliptic,crenate,,137.495,137.495,55.093,17.948,9.754,84.231,0.485,0.891,
Sin,Sil,Sil(Sin),20-A,20A_3ML.JPG,20,3,20-A:3,None-5,Medium leaf,17.359,9.778,3.901,ovate,crenate,,111.968,111.968,50.127,16.223,8.787,90.893,0.589,0.936,picture askew
Pap,Pap,Pap(Pap),20-A,20A_5LL.JPG,20,5,20-A:5,None-5,Longest,8.616,2.874,4.367,Elliptic,toothed,3,16.298,16.298,23.061,7.644,2.715,111.039,0.33,0.842,
Pap,Pap,Pap(Pap),20-A,20A_5ML.JPG,20,5,20-A:5,None-5,Medium leaf,6.588,1.997,3.37,Oblong,toothed,,9.438,9.438,19.677,5.962,2.016,8.684,0.421,0.89,
Bug,None,None(Bug),20-A,20A_7LL.JPG,20,7,20-A:7,None-5,Longest,14.007,3.199,8.638,oblong,smooth,,37.862,18.931,34.813,7.118,2.912,51.44,0.532,0.92,
Bug,None,None(Bug),20-A,20A_7ML.JPG,20,7,20-A:7,None-5,Medium leaf,8.444,2.499,3.556,oblong,smooth,,18.252,18.252,23.222,9.098,2.554,78.249,0.333,0.913,
Pap,Bug,Bug(Pap),20-A,20A_9LL.JPG,20,9,20-A:9,None-5,Longest,14.168,6.952,7.377,Elliptic,toothed,6,38.903,38.903,28.31,11.343,4.367,177.21,0.097,0.568,leaf partially folded
Pap,Bug,Bug(Pap),20-A,20A_9ML.JPG,20,9,20-A:9,None-5,Medium leaf,17.134,7.903,7.747,,toothed,8,60.755,60.755,30.364,13.371,5.785,74.677,0.105,0.639,leaf partially folded
Sin,Cen,Cen(Sin),20-A,20A_10LL.JPG,20,10,20-A:10,None-5,Longest,21.321,11.63,9.749,Elliptic,crenate,,168.017,168.017,55.268,20.539,10.415,178.033,0.306,0.863,picture askew
Sin,Cen,Cen(Sin),20-A,20A_10ML.JPG,20,10,20-A:10,None-5,Medium leaf,13.687,6.669,3.535,ovate,crenate,,67.436,67.436,45.129,13.28,6.466,120.385,0.402,0.894,
Cen,None,None(Cen),20-A,20A_11LL.JPG,20,11,20-A:11,None-5,Longest,12.839,2.043,6.794,Elliptic,smooth,,16.111,16.111,28.375,11.251,1.823,85.276,0.11,0.826,
Cen,None,None(Cen),20-A,20A_11ML.JPG,20,11,20-A:11,None-5,Medium leaf,12.558,0.935,8.304,obovate,smooth,5,9.447,9.447,15.165,9.795,1.228,86.203,0.073,0.338,
Cen,Sin,Sin(Cen),20-A,20A_12LL.JPG,20,12,20-A:12,None-5,Longest,10.046,1.099,6.36,oblong,smooth,,8.924,8.924,15.874,10.444,1.088,88.802,0.17,0.876,
Cen,Sin,Sin(Cen),20-A,20A_12ML.JPG,20,12,20-A:12,None-5,Medium leaf,12.136,0.699,5.675,oblong,smooth,,7.516,7.516,8.042,12.409,0.771,83.542,0.11,0.684,leaf partially folded
Bug,Sin,Sin(Bug),20-A,20A_13LL.JPG,20,13,20-A:13,None-5,Longest,5.104,1.071,2.869,oblong,smooth,,5.26,5.26,11.713,5.31,1.261,126.74,0.386,0.934,
Bug,Sin,Sin(Bug),20-A,20A_13ML.JPG,20,13,20-A:13,None-5,Medium leaf,6.1,1.325,3.749,oblong,smooth,,7.065,7.065,13.381,6.505,1.383,129.124,0.335,0.897,
Sin,None,None(Sin),20-A,20A_14LL.JPG,20,14,20-A:14,None-5,Longest,15.323,9.241,4.765,ovate,crenate,,92.339,92.339,55.159,14.48,8.12,23.555,0.567,0.921,
Sin,None,None(Sin),20-A,20A_14ML.JPG,20,14,20-A:14,None-5,Medium leaf,11.696,6.174,4.164,ovate,crenate,3,51.893,25.947,51.667,7.105,3.538,54.255,0.29,0.841,
Cen,None,None(Cen),20-A,20A_15LL.JPG,20,15,20-A:15,None-5,Longest,13.896,3.056,9.634,obovate,smooth,,23.849,23.849,22.386,12.218,2.485,5.958,0.292,0.857,
Cen,None,None(Cen),20-A,20A_15ML.JPG,20,15,20-A:15,None-5,Medium leaf,12.422,4.011,3.751,ovate,smooth,5,10.355,5.177,15.648,5.119,1.323,13.214,0.206,0.615,
Sin,Sin,Sin(Sin),20-B,20B_1LL.JPG,20,1,20-B:1,None-5,Longest,17.455,7.365,9.179,Elliptic,crenate,,89.443,89.443,59.559,16.275,6.997,173.828,0.521,0.93,
Sin,Sin,Sin(Sin),20-B,20B_1ML.JPG,20,1,20-B:1,None-5,Medium leaf,13.693,5.876,4.324,ovate,crenate,3,60.763,60.763,49.279,13.07,5.919,86.95,0.456,0.893,
Sin,Pap,Pap(Sin),20-B,20B_2LL.JPG,20,2,20-B:2,None-5,Longest,17.242,7.953,8.143,Elliptic,crenate,3,95.879,95.879,55.73,15.897,7.679,73.906,0.519,0.937,
Sin,Pap,Pap(Sin),20-B,20B_2ML.JPG,20,2,20-B:2,None-5,Medium leaf,11.846,6.095,5.574,Elliptic,crenate,,58.327,58.327,48.358,11.825,6.28,178.286,0.557,0.942,
Cen,Pap,Pap(Cen),20-B,20B_3LL.JPG,20,3,20-B:3,None-5,Longest,15.045,2.831,11.715,obovate,smooth,,27.346,27.346,18.503,14.12,2.466,166.679,0.268,0.874,picture askew
Cen,Pap,Pap(Cen),20-B,20B_3ML.JPG,20,3,20-B:3,None-5,Medium leaf,15.711,1.618,8.218,Elliptic,smooth,3,16.126,16.126,16.911,13.649,1.504,175.302,0.109,0.505,leaf partially folded
Pap,None,None(Pap),20-B,20B_4LL.JPG,20,4,20-B:4,None-5,Longest,9.134,1.946,7.318,obovate,toothed,7,13.689,13.689,28.812,8.601,2.026,170.993,0.134,0.63,not straight
Pap,None,None(Pap),20-B,20B_4ML.JPG,20,4,20-B:4,None-5,Medium leaf,9.397,3.403,6.749,obovate,toothed,3,21.566,21.566,32.586,8.581,3.2,5.745,0.276,0.753,
Cen,Sil,Sil(Cen),20-B,20B_5LL.JPG,20,5,20-B:5,None-5,Longest,9.674,1.265,6.443,obovate,smooth,,7.716,7.716,14.671,9.295,1.057,0.143,0.211,0.9,
Cen,Sil,Sil(Cen),20-B,20B_5ML.JPG,20,5,20-B:5,None-5,Medium leaf,9.91,0.491,5.59,obovate,smooth,,3.625,3.625,6.631,9.771,0.472,179.513,0.112,0.874,"leaf partially folded, picture has bad quality"
0,0,None,20-B,20B_6LL.JPG,20,6,20-B:6,None-5,Longest,6.105,3.148,3.818,obovate,toothed,,12.919,12.919,25.558,5.534,2.973,12.409,0.561,0.917,
0,0,None,20-B,20B_6ML.JPG,20,6,20-B:6,None-5,Medium leaf,6.814,2.131,4.676,obovate,toothed,,10.253,10.253,19.597,6.261,2.085,9.553,0.299,0.886,
Sil,None,None(Sil),20-B,20B_7LL.JPG,20,7,20-B:7,None-5,Longest,6.136,2.687,3.142,Elliptic,smooth,,10.327,10.327,25.85,5.526,2.38,87.767,0.534,0.947,
Sil,None,None(Sil),20-B,20B_7ML.JPG,20,7,20-B:7,None-5,Medium leaf,6.425,2.627,2.755,Elliptic,smooth,,11.447,11.447,25.627,5.896,2.472,129.701,0.52,0.94,
Sil,Pap,Pap(Sil),20-B,20B_9LL.JPG,20,9,20-B:9,None-5,Longest,1.868,1.277,0.8,Elliptic,smooth,,1.614,1.614,6.535,1.748,1.176,34.426,0.724,0.968,
Sil,Pap,Pap(Sil),20-B,20B_9ML.JPG,20,9,20-B:9,None-5,Medium leaf,1.414,0.819,0.506,Elliptic,smooth,,0,NaN,0,NaN,NaN,NaN,NaN,NaN,
Bug,Pap,Pap(Bug),20-B,20B_10LL.JPG,20,10,20-B:10,None-5,Longest,2.318,0.682,1.453,Oblong,smooth,,1.261,1.261,8.786,2.221,0.723,134.53,0.534,0.959,
Bug,Pap,Pap(Bug),20-B,20B_10ML.JPG,20,10,20-B:10,None-5,Medium leaf,3.401,0.744,2.171,oblong,smooth,,2.028,2.028,7.752,3.42,0.755,114.351,0.416,0.963,
Bug,Bug,Bug(Bug),20-B,20B_11LL.JPG,20,11,20-B:11,None-5,Longest,3.121,0.747,1.587,oblong,smooth,,1.849,1.849,7.75,3.301,0.713,167.685,0.392,0.945,
Bug,Bug,Bug(Bug),20-B,20B_11ML.JPG,20,11,20-B:11,None-5,Medium leaf,1.948,0.44,0.844,oblong,smooth,,0,NaN,0,NaN,NaN,NaN,NaN,NaN,
Sin,Bug,Bug(Sin),20-B,20B_13LL.JPG,20,13,20-B:13,None-5,Longest,10.036,5.906,3.7,Elliptic,crenate,,42.676,42.676,53.95,9.82,5.533,98.863,0.559,0.919,
Sin,Bug,Bug(Sin),20-B,20B_13ML.JPG,20,13,20-B:13,None-5,Medium leaf,9.018,6.536,3.277,Elliptic,crenate,,42.308,42.308,48.806,9.053,5.95,123.742,0.595,0.942,
Cen,None,None(Cen),20-B,20B_14LL.JPG,20,14,20-B:14,None-5,Longest,11.574,3.233,7.684,obovate,smooth,3,23.027,23.027,32.249,10.31,2.844,175.332,0.219,0.708,
Cen,None,None(Cen),20-B,20B_14ML.JPG,20,14,20-B:14,None-5,Medium leaf,11.445,1.583,8.242,obovate,smooth,3,13.955,13.955,18.515,10.19,1.744,175.981,0.145,0.478,
Pap,Cen,Cen(Pap),20-B,20B_15LL.JPG,20,15,20-B:15,None-5,Longest,8.218,2.235,5.768,obovate,toothed,3,11.512,11.512,18.743,7.562,1.938,24.887,0.236,0.707,
Pap,Cen,Cen(Pap),20-B,20B_15ML.JPG,20,15,20-B:15,None-5,Medium leaf,6.81,2.446,3.829,Elliptic,toothed,3,8.579,8.579,31.468,6.13,1.782,3.156,0.204,0.648,
Bug,Bug,Bug(Bug),22-A,22A_1LL.JPG,22,1,22-A:1,None-1,Longest,6.737,1.981,4.843,obovate,smooth,,9.397,9.397,20.759,6.73,1.778,31.518,0.435,0.947,
Bug,Bug,Bug(Bug),22-A,22A_1ML.JPG,22,1,22-A:1,None-1,Medium leaf,7.284,1.74,3.694,oblong,smooth,,10.175,10.175,28.123,7.022,1.845,179.07,0.449,0.983,
Cen,None,None(Cen),22-A,22A_2LL.JPG,22,2,22-A:2,None-1,Longest,17.751,2.512,13.506,obovate,smooth,5,27.906,27.906,23.728,16.151,2.2,0.619,0.119,0.518,
Cen,None,None(Cen),22-A,22A_2ML.JPG,22,2,22-A:2,None-1,Medium leaf,16.216,1.551,10.89,obovate,smooth,3,16.519,16.519,12.317,11.874,1.771,3.529,0.084,0.367,leaf partially folded
Pap,Cen,Cen(Pap),22-A,22A_3LL.JPG,22,3,22-A:3,None-1,Longest,4.454,1.411,2.764,obovate,crenate,,4.827,4.827,9.41,4.654,1.321,78.749,0.428,0.933,
Pap,Cen,Cen(Pap),22-A,22A_3ML.JPG,22,3,22-A:3,None-1,Medium leaf,3.815,0.912,2.633,obovate,toothed,,2.581,2.581,8.723,3.962,0.83,95.458,0.21,0.797,
Pap,Sin,Sin(Pap),22-A,22A_4LL.JPG,22,4,22-A:4,None-1,Longest,6.033,2.4,3.813,obovate,toothed,,9.731,9.731,22.452,5.757,2.152,100.006,0.363,0.851,
Pap,Sin,Sin(Pap),22-A,22A_4ML.JPG,22,4,22-A:4,None-1,Medium leaf,5.932,2.022,3.528,Oblong,toothed,,8.942,8.942,13.347,5.837,1.951,109.748,0.367,0.885,
Sin,Cen,Cen(Sin),22-A,22A_5LL.JPG,22,5,22-A:5,None-1,Longest,15.425,8.722,3.126,ovate,crenate,,87.428,87.428,54.618,14.576,7.637,90.921,0.428,0.91,
Sin,Cen,Cen(Sin),22-A,22A_5ML.JPG,22,5,22-A:5,None-1,Medium leaf,8.723,5.128,2.905,ovate,crenate,,28.637,28.637,47.603,8.252,4.419,133.752,0.383,0.916,
Bug,Bug,Bug(Bug),22-A,22A_9LL.JPG,22,9,22-A:9,None-1,Longest,5.521,1.572,3.659,Oblong,smooth,,6.627,6.627,19.758,5.151,1.638,28.221,0.44,0.823,
Bug,Bug,Bug(Bug),22-A,22A_9ML.JPG,22,9,22-A:9,None-1,Medium leaf,6.571,1.16,2.904,Oblong,smooth,,7.065,7.065,13.241,7.11,1.265,160.735,0.321,0.919,
0,0,None,22-A,22A_10LL.JPG,22,10,22-A:10,None-1,Longest,4.474,1.141,2.869,Oblong,smooth,,4.162,4.162,6.611,4.538,1.168,138.732,0.351,0.922,
0,0,None,22-A,22A_10ML.JPG,22,10,22-A:10,None-1,Medium leaf,4.285,1.356,1.865,Oblong,smooth,,4.441,4.441,10.715,4.318,1.309,64.458,0.494,0.957,
Pap,Bug,Bug(Pap),22-A,22A_11LL.JPG,22,11,22-A:11,None-1,Longest,6.111,1.834,4.302,obovate,toothed,,9.155,9.155,20.909,6.034,1.932,175.095,0.386,0.915,
Pap,Bug,Bug(Pap),22-A,22A_11ML.JPG,22,11,22-A:11,None-1,Medium leaf,3.586,1.439,2.375,obovate,toothed,,3.235,3.235,8.017,3.027,1.36,177.156,0.542,0.945,
Sin,None,None(Sin),22-A,22A_15LL.JPG,22,15,22-A:15,None-1,Longest,18.084,8.198,6.138,ovate,crenate,,106.621,106.621,55.113,18.075,7.51,95.887,0.387,0.882,
Sin,None,None(Sin),22-A,22A_15ML.JPG,22,15,22-A:15,None-1,Medium leaf,16.89,7.075,8.766,Elliptic,crenate,,84.232,84.232,60.21,16.507,6.497,8.456,0.427,0.895,
Bug,Sil,Sil(Bug),22-B,22B_2LL.JPG,22,2,22-B:2,None-1,Longest,7.204,1.429,3.244,Oblong,smooth,,8.639,8.639,21.957,7.285,1.51,127.887,0.34,0.946,
Bug,Sil,Sil(Bug),22-B,22B_2ML.JPG,22,2,22-B:2,None-1,Medium leaf,7.291,1.763,2.031,ovate,smooth,,8.115,8.115,21.788,6.327,1.633,95.036,0.348,0.879,
Sin,Sin,Sin(Sin),22-B,22B_3LL.JPG,22,3,22-B:3,None-1,Longest,13.98,6.573,3.598,ovate,toothed,3,61.608,61.608,46.686,12.844,6.107,95.341,0.326,0.895,
Sin,Sin,Sin(Sin),22-B,22B_3ML.JPG,22,3,22-B:3,None-1,Medium leaf,10.239,5.867,1.798,ovate,toothed,,42.179,42.179,50.077,9.769,5.498,86.297,0.561,0.933,herbivory
Bug,Sin,Sin(Bug),22-B,22B_4LL.JPG,22,4,22-B:4,None-1,Longest,8.004,1.524,5.807,Oblong,smooth,,8.696,8.696,15.057,7.906,1.4,138.63,0.054,0.922,
Bug,Sin,Sin(Bug),22-B,22B_4ML.JPG,22,4,22-B:4,None-1,Medium leaf,6.174,1.191,3.391,Oblong,smooth,,5.892,5.892,15.182,6.407,1.171,102.824,0.257,0.955,
Bug,Bug,Bug(Bug),22-B,22B_5LL.JPG,22,5,22-B:5,None-1,Longest,6.997,1.432,4.509,oblong,smooth,,7.734,7.734,23.395,6.991,1.409,90.961,0.307,0.976,
Bug,Bug,Bug(Bug),22-B,22B_5ML.JPG,22,5,22-B:5,None-1,Medium leaf,5.347,1.198,1.598,ovate,smooth,,5.154,5.154,13.827,5.11,1.284,85.011,0.299,0.852,
Sin,None,None(Sin),22-B,22B_6LL.JPG,22,6,22-B:6,None-1,Longest,11.271,5.193,4.357,ovate,crenate,,40.016,40.016,36.142,10.463,4.87,106.36,0.356,0.913,herbivory
Sin,None,None(Sin),22-B,22B_6ML.JPG,22,6,22-B:6,None-1,Medium leaf,7.9,3.697,2.057,ovate,crenate,2,21.39,21.39,48.79,7.494,3.634,78.987,0.431,0.869,herbivory
Cen,None,None(Cen),22-B,22B_7LL.JPG,22,7,22-B:7,None-1,Longest,6.474,0.899,3.41,obovate,smooth,,3.398,3.398,18.346,5.483,0.789,179.952,0.241,0.855,
Cen,None,None(Cen),22-B,22B_7ML.JPG,22,7,22-B:7,None-1,Medium leaf,9.907,0.375,5.155,oblong,smooth,,3,3,5.679,9.819,0.389,175.841,0.064,0.806,leaf partially folded
Pap,None,None(Pap),22-B,22B_8LL.JPG,22,8,22-B:8,None-1,Longest,10.622,3.158,6.908,obovate,toothed,5,19.67,19.67,30.024,10.032,2.497,100.87,0.129,0.699,
Pap,None,None(Pap),22-B,22B_8ML.JPG,22,8,22-B:8,None-1,Medium leaf,7.75,2.022,4.215,obovate,toothed,3,11.28,11.28,15.358,6.989,2.055,56.982,0.294,0.796,
Pap,Pap,Pap(Pap),22-B,22B_9LL.JPG,22,9,22-B:9,None-1,Longest,7.076,2.754,5.255,obovate,toothed,,13.616,13.616,26.611,6.553,2.646,1.922,0.455,0.892,
Pap,Pap,Pap(Pap),22-B,22B_9ML.JPG,22,9,22-B:9,None-1,Medium leaf,6.58,2.341,4.426,obovate,toothed,,10.077,10.077,21.38,6.141,2.089,73.33,0.484,0.929,
Sin,Sin,Sin(Sin),22-B,22B_11LL.JPG,22,11,22-B:11,None-1,Longest,17.856,8.135,9.012,Elliptic,crenate,,89.507,89.507,51.033,16.231,7.022,8.807,0.39,0.852,
Sin,Sin,Sin(Sin),22-B,22B_11ML.JPG,22,11,22-B:11,None-1,Medium leaf,12.748,6.874,3.141,ovate,crenate,,54.649,54.649,42.745,12.442,5.592,93.985,0.394,0.906,
0,0,None,22-B,22B_13LL.JPG,22,13,22-B:13,None-1,Longest,6.242,2.594,3.494,Elliptic,smooth,,11.636,11.636,16.87,6.131,2.417,67.798,0.468,0.951,
0,0,None,22-B,22B_13ML.JPG,22,13,22-B:13,None-1,Medium leaf,4.9,2.288,2.344,Elliptic,smooth,,7.805,7.805,25.96,4.398,2.259,169.506,0.532,0.959,
Pap,None,None(Pap),22-B,22B_14LL.JPG,22,14,22-B:14,None-1,Longest,5.59,2.194,2.907,Elliptic,toothed,,8.111,8.111,20.324,5.441,1.898,9.12,0.454,0.894,
Pap,None,None(Pap),22-B,22B_14ML.JPG,22,14,22-B:14,None-1,Medium leaf,3.311,1.324,1.605,Elliptic,toothed,,3.589,3.589,15.991,3.302,1.384,65.266,0.381,0.927,
0,0,None,22-B,22B_15LL.JPG,22,15,22-B:15,None-1,Longest,7.785,3.022,4.017,Elliptic,smooth,,16.195,16.195,27.6,7.015,2.939,40.351,0.552,0.955,
0,0,None,22-B,22B_15ML.JPG,22,15,22-B:15,None-1,Medium leaf,6.922,2.831,3.198,Elliptic,smooth,,13.22,13.22,23.531,6.298,2.673,79.568,0.571,0.958,
Pap,Sil,Sil(Pap),25-A,25A_5LL.JPG,25,5,25-A:5,Sil-5,Longest,5.874,2.122,3.962,obovate,toothed,,7.839,7.839,22.686,5.424,1.84,97.622,0.305,0.884,
Pap,Sil,Sil(Pap),25-A,25A_5ML.JPG,25,5,25-A:5,Sil-5,Medium leaf,3.654,1.354,2.072,Elliptic,smooth,,3.523,3.523,11.664,3.438,1.305,81.436,0.505,0.942,
Bug,Cen,Cen(Bug),25-B,25B_2LL.JPG,25,2,25-B:2,Cen-5,Longest,3.346,0.774,1.615,Oblong,smooth,,1.984,1.984,10.45,3.432,0.736,92.121,0.414,0.96,
Sil,Cen,Cen(Sil),25-B,25B_10LL.JPG,25,10,25-B:10,Cen-5,Longest,5.138,1.798,2.656,Elliptic,smooth,,6.259,6.259,17.464,4.705,1.694,78.244,0.516,0.96,picture askew
Bug,Pap,Pap(Bug),28-A,28A_10LL.JPG,28,10,28-A:10,Pap-4,Longest,4.171,0.888,2.222,Oblong,smooth,,3.487,3.487,15.014,4.266,1.041,105.219,0.327,0.899,
Bug,Pap,Pap(Bug),28-A,28A_10ML.JPG,28,10,28-A:10,Pap-4,Medium leaf,3.563,1.038,0.7,ovate,smooth,,2.577,2.577,11.886,3.509,0.935,98.496,0.421,0.925,
Sil,Pap,Pap(Sil),28-A,28A_14LL.JPG,28,14,28-A:14,Pap-4,Longest,3.081,1.216,1.696,Elliptic,smooth,,2.776,2.776,19.704,2.874,1.23,178.241,0.562,0.953,
Bug,Sil,Sil(Bug),28-B,28B_3LL.JPG,28,3,28-B:3,Sil-3,Longest,9.298,1.758,5.46,Oblong,smooth,,11.279,11.279,19.504,8.808,1.63,94.298,0.296,0.912,
Bug,Sil,Sil(Bug),28-B,28B_3ML.JPG,28,3,28-B:3,Sil-3,Medium leaf,3.764,0.769,2.267,Oblong,smooth,,2.064,2.064,10.103,3.83,0.686,95.954,0.222,0.913,
Pap,Sil,Sil(Pap),28-B,28B_9LL.JPG,28,9,28-B:9,Sil-3,Longest,5.474,2.287,2.72,ovate,toothed,3,6.419,6.419,15.889,4.803,1.702,73.497,0.306,0.775,picture askew
Cen,Sil,Sil(Cen),28-B,28B_12LL.JPG,28,12,28-B:12,Sil-3,Longest,18.085,2.017,9.085,Elliptic,smooth,,24.87,24.87,20.369,18,1.759,178.628,0.156,0.874,
Cen,Sil,Sil(Cen),28-B,28B_12ML.JPG,28,12,28-B:12,Sil-3,Medium leaf,15.808,0.751,7.251,Oblong,smooth,,11.665,11.665,8.255,12.738,1.166,115.959,0.102,0.488,leaf partially folded
Cen,Bug,Bug(Cen),30-A,30A_9LL.JPG,30,9,30-A:9,Bug-6,Longest,12.087,2.329,7.103,obovate,smooth,,16.262,16.262,13.135,11.196,1.849,25.901,0.228,0.773,
Cen,Bug,Bug(Cen),30-A,30A_9ML.JPG,30,9,30-A:9,Bug-6,Medium leaf,15.767,0.48,10.42,Oblong,smooth,,9.251,9.251,6.803,14.047,0.839,113.067,0.064,0.572,leaf partially folded